"","V1","mu","sd","sk"
"subj's family1",10,9,1.4142135623731,-0.530330085889911
"subj's family2",9,9,1.4142135623731,-0.530330085889911
"subj's family3",7,9,1.4142135623731,-0.530330085889911
"subj's family4",10,9,1.4142135623731,-0.530330085889911
