"","V1","mu","sd","sk"
"subj's family1",10,9.25,0.957427107756338,-0.320461139372989
"subj's family2",10,9.25,0.957427107756338,-0.320461139372989
"subj's family3",8,9.25,0.957427107756338,-0.320461139372989
"subj's family4",9,9.25,0.957427107756338,-0.320461139372989
