"","V1","mu","sd","sk"
"subj's family1",26,19.25,6.23832242407097,0.0405468503047866
"subj's family2",23,19.25,6.23832242407097,0.0405468503047866
"subj's family3",15,19.25,6.23832242407097,0.0405468503047866
"subj's family4",13,19.25,6.23832242407097,0.0405468503047866
