"","V1","mu","sd","sk"
"subj's family1",9,7,2.82842712474619,-0.530330085889911
"subj's family2",9,7,2.82842712474619,-0.530330085889911
"subj's family3",7,7,2.82842712474619,-0.530330085889911
"subj's family4",3,7,2.82842712474619,-0.530330085889911
