"","V1","mu","sd","sk"
"subj's family1",9,8.25,1.5,0.138888888888889
"subj's family2",10,8.25,1.5,0.138888888888889
"subj's family3",7,8.25,1.5,0.138888888888889
"subj's family4",7,8.25,1.5,0.138888888888889
