"","V1","mu","sd","sk"
"subj's family1",18,14,3.36650164612069,0
"subj's family2",10,14,3.36650164612069,0
"subj's family3",15,14,3.36650164612069,0
"subj's family4",13,14,3.36650164612069,0
