"","V1","mu","sd","sk"
"subj's family1",9,8.5,0.577350269189626,0
"subj's family2",9,8.5,0.577350269189626,0
"subj's family3",8,8.5,0.577350269189626,0
"subj's family4",8,8.5,0.577350269189626,0
