"","V1","mu","sd","sk"
"subj's family1",8,6,3.91578004149024,-0.224842757580843
"subj's family2",10,6,3.91578004149024,-0.224842757580843
"subj's family3",5,6,3.91578004149024,-0.224842757580843
"subj's family4",1,6,3.91578004149024,-0.224842757580843
