"","V1","mu","sd","sk"
"subj's family1",10,8.5,1.73205080756888,-0.577350269189626
"subj's family2",9,8.5,1.73205080756888,-0.577350269189626
"subj's family3",6,8.5,1.73205080756888,-0.577350269189626
"subj's family4",9,8.5,1.73205080756888,-0.577350269189626
