"","V1","mu","sd","sk"
"subj's family1",8,7.25,0.957427107756338,-0.320461139372989
"subj's family2",6,7.25,0.957427107756338,-0.320461139372989
"subj's family3",8,7.25,0.957427107756338,-0.320461139372989
"subj's family4",7,7.25,0.957427107756338,-0.320461139372989
