"","V1","mu","sd","sk"
"subj's family1",26,23.25,3.77491721763537,-0.479271576569588
"subj's family2",23,23.25,3.77491721763537,-0.479271576569588
"subj's family3",18,23.25,3.77491721763537,-0.479271576569588
"subj's family4",26,23.25,3.77491721763537,-0.479271576569588
