"","V1","mu","sd","sk"
"subj's family1",20,17,2.44948974278318,0.204124145231932
"subj's family2",18,17,2.44948974278318,0.204124145231932
"subj's family3",15,17,2.44948974278318,0.204124145231932
"subj's family4",15,17,2.44948974278318,0.204124145231932
