"","V1","mu","sd","sk"
"subj's family1",5,5,2.44948974278318,0
"subj's family2",2,5,2.44948974278318,0
"subj's family3",8,5,2.44948974278318,0
"subj's family4",5,5,2.44948974278318,0
