"","V1","mu","sd","sk"
"subj's family1",20,15.5,9.88264472024906,-0.186488886845548
"subj's family2",26,15.5,9.88264472024906,-0.186488886845548
"subj's family3",13,15.5,9.88264472024906,-0.186488886845548
"subj's family4",3,15.5,9.88264472024906,-0.186488886845548
