"","V1","mu","sd","sk"
"subj's family1",10,7.5,2.38047614284762,0
"subj's family2",9,7.5,2.38047614284762,0
"subj's family3",6,7.5,2.38047614284762,0
"subj's family4",5,7.5,2.38047614284762,0
