"","V1","mu","sd","sk"
"subj's family1",13,12.75,6.13052471924984,-0.0915505274542475
"subj's family2",5,12.75,6.13052471924984,-0.0915505274542475
"subj's family3",20,12.75,6.13052471924984,-0.0915505274542475
"subj's family4",13,12.75,6.13052471924984,-0.0915505274542475
