"","V1","mu","sd","sk"
"subj's family1",8,8,0.816496580927726,0
"subj's family2",9,8,0.816496580927726,0
"subj's family3",7,8,0.816496580927726,0
"subj's family4",8,8,0.816496580927726,0
