"","V1","mu","sd","sk"
"subj's family1",15,10.75,2.98607881119482,0.517588732711688
"subj's family2",10,10.75,2.98607881119482,0.517588732711688
"subj's family3",10,10.75,2.98607881119482,0.517588732711688
"subj's family4",8,10.75,2.98607881119482,0.517588732711688
