"","V1","mu","sd","sk"
"subj's family1",7,7.5,1.29099444873581,0
"subj's family2",9,7.5,1.29099444873581,0
"subj's family3",6,7.5,1.29099444873581,0
"subj's family4",8,7.5,1.29099444873581,0
