"","V1","mu","sd","sk"
"subj's family1",23,21.5,1.73205080756888,0
"subj's family2",23,21.5,1.73205080756888,0
"subj's family3",20,21.5,1.73205080756888,0
"subj's family4",20,21.5,1.73205080756888,0
