"","V1","mu","sd","sk"
"subj's family1",8,5.5,2.51661147842358,-0.423501793114218
"subj's family2",6,5.5,2.51661147842358,-0.423501793114218
"subj's family3",2,5.5,2.51661147842358,-0.423501793114218
"subj's family4",6,5.5,2.51661147842358,-0.423501793114218
