"","V1","mu","sd","sk"
"subj's family1",20,13.75,6.29152869605896,-0.423501793114218
"subj's family2",15,13.75,6.29152869605896,-0.423501793114218
"subj's family3",5,13.75,6.29152869605896,-0.423501793114218
"subj's family4",15,13.75,6.29152869605896,-0.423501793114218
