"","V1","mu","sd","sk"
"subj's family1",26,21.75,4.7169905660283,-0.540420267475153
"subj's family2",23,21.75,4.7169905660283,-0.540420267475153
"subj's family3",15,21.75,4.7169905660283,-0.540420267475153
"subj's family4",23,21.75,4.7169905660283,-0.540420267475153
