"","V1","mu","sd","sk"
"subj's family1",26,22.5,3.3166247903554,-0.328921466812106
"subj's family2",23,22.5,3.3166247903554,-0.328921466812106
"subj's family3",23,22.5,3.3166247903554,-0.328921466812106
"subj's family4",18,22.5,3.3166247903554,-0.328921466812106
