"","V1","mu","sd","sk"
"subj's family1",6,4.25,1.25830573921179,0.423501793114218
"subj's family2",4,4.25,1.25830573921179,0.423501793114218
"subj's family3",4,4.25,1.25830573921179,0.423501793114218
"subj's family4",3,4.25,1.25830573921179,0.423501793114218
