"","V1","mu","sd","sk"
"subj's family1",2,4.5,1.73205080756888,-0.577350269189626
"subj's family2",5,4.5,1.73205080756888,-0.577350269189626
"subj's family3",6,4.5,1.73205080756888,-0.577350269189626
"subj's family4",5,4.5,1.73205080756888,-0.577350269189626
