"","V1","mu","sd","sk"
"subj's family1",8,6.75,0.957427107756338,0.320461139372989
"subj's family2",7,6.75,0.957427107756338,0.320461139372989
"subj's family3",6,6.75,0.957427107756338,0.320461139372989
"subj's family4",6,6.75,0.957427107756338,0.320461139372989
