"","V1","mu","sd","sk"
"subj's family1",8,5.75,2.62995563967658,-0.541147063324366
"subj's family2",7,5.75,2.62995563967658,-0.541147063324366
"subj's family3",2,5.75,2.62995563967658,-0.541147063324366
"subj's family4",6,5.75,2.62995563967658,-0.541147063324366
