"","V1","mu","sd","sk"
"subj's family1",20,18.25,2.3629078131263,-0.447683915140103
"subj's family2",15,18.25,2.3629078131263,-0.447683915140103
"subj's family3",20,18.25,2.3629078131263,-0.447683915140103
"subj's family4",18,18.25,2.3629078131263,-0.447683915140103
