"","V1","mu","sd","sk"
"subj's family1",23,18,7.07106781186548,-0.530330085889911
"subj's family2",23,18,7.07106781186548,-0.530330085889911
"subj's family3",18,18,7.07106781186548,-0.530330085889911
"subj's family4",8,18,7.07106781186548,-0.530330085889911
