"","V1","mu","sd","sk"
"subj's family1",20,14.5,6.65832811847939,-0.548806738467011
"subj's family2",18,14.5,6.65832811847939,-0.548806738467011
"subj's family3",5,14.5,6.65832811847939,-0.548806738467011
"subj's family4",15,14.5,6.65832811847939,-0.548806738467011
