"","V1","mu","sd","sk"
"subj's family1",26,23.75,2.87228132326901,-0.320461139372989
"subj's family2",26,23.75,2.87228132326901,-0.320461139372989
"subj's family3",20,23.75,2.87228132326901,-0.320461139372989
"subj's family4",23,23.75,2.87228132326901,-0.320461139372989
