"","V1","mu","sd","sk"
"subj's family1",10,8.75,1.25830573921179,-0.423501793114218
"subj's family2",9,8.75,1.25830573921179,-0.423501793114218
"subj's family3",9,8.75,1.25830573921179,-0.423501793114218
"subj's family4",7,8.75,1.25830573921179,-0.423501793114218
