"","V1","mu","sd","sk"
"subj's family1",7,5.5,1.29099444873581,0
"subj's family2",4,5.5,1.29099444873581,0
"subj's family3",6,5.5,1.29099444873581,0
"subj's family4",5,5.5,1.29099444873581,0
