"","V1","mu","sd","sk"
"subj's family1",5,11.5,4.43471156521669,-0.644950511315987
"subj's family2",13,11.5,4.43471156521669,-0.644950511315987
"subj's family3",15,11.5,4.43471156521669,-0.644950511315987
"subj's family4",13,11.5,4.43471156521669,-0.644950511315987
