"","V1","mu","sd","sk"
"subj's family1",18,19,3.36650164612069,0
"subj's family2",23,19,3.36650164612069,0
"subj's family3",15,19,3.36650164612069,0
"subj's family4",20,19,3.36650164612069,0
