"","V1","mu","sd","sk"
"subj's family1",23,21.25,3.947573094109,0.178306262751156
"subj's family2",26,21.25,3.947573094109,0.178306262751156
"subj's family3",18,21.25,3.947573094109,0.178306262751156
"subj's family4",18,21.25,3.947573094109,0.178306262751156
