"","V1","mu","sd","sk"
"subj's family1",20,19,3.36650164612069,0
"subj's family2",15,19,3.36650164612069,0
"subj's family3",18,19,3.36650164612069,0
"subj's family4",23,19,3.36650164612069,0
